Gene ID,PF3D7_0709000,PF3D7_0709000,PF3D7_0709000,PF3D7_0709000,PF3D7_0709000,PF3D7_0709000,PF3D7_0709000,PF3D7_0709000,PF3D7_0709000,PF3D7_0417200,PF3D7_0810800,PF3D7_0810800,PF3D7_0810800,PF3D7_1343700,PF3D7_1343700,PF3D7_1343700,PF3D7_1343700,PF3D7_1343700,PF3D7_1343700,PF3D7_1343700,PF3D7_1343700,PF3D7_1343700,PF3D7_1343700,PF3D7_1343700,PF3D7_0523000
Gene,crt,crt,crt,crt,crt,crt,crt,crt,crt,dhfr-ts,dhps,dhps,dhps,k13,k13,k13,k13,k13,k13,k13,k13,k13,k13,k13,mdr1
Mutation Name,crt-Cys72Ser,crt-Val73Leu,crt-Met74Ile,crt-Asn75Glu,crt-Lys76Thr,crt-Thr93Ser,crt-His97Leu,crt-His97Tyr,crt-Cys101Phe,dhfr-ts-Ile164Leu,dhps-Ala581Gly,dhps-Ala613Ser,dhps-Ala613Thr,k13-Pro527His,k13-Asn537Asp,k13-Asn537Ile,k13-Gly538Val,k13-Arg539Thr,k13-Ile543Thr,k13-Pro553Leu,k13-Arg561His,k13-Val568Gly,k13-Pro574Leu,k13-Cys580Tyr,mdr1-Asn86Tyr
ExonicFunc,missense_variant,missense_variant,missense_variant,missense_variant,missense_variant,missense_variant,missense_variant,missense_variant,missense_variant,missense_variant,missense_variant,missense_variant,missense_variant,missense_variant,missense_variant,missense_variant,missense_variant,missense_variant,missense_variant,missense_variant,missense_variant,missense_variant,missense_variant,missense_variant,missense_variant
AA Change,Cys72Ser,Val73Leu,Met74Ile,Asn75Glu,Lys76Thr,Thr93Ser,His97Leu,His97Tyr,Cys101Phe,Ile164Leu,Ala581Gly,Ala613Ser,Ala613Thr,Pro527His,Asn537Asp,Asn537Ile,Gly538Val,Arg539Thr,Ile543Thr,Pro553Leu,Arg561His,Val568Gly,Pro574Leu,Cys580Tyr,Asn86Tyr
Targeted,Yes,Yes,Yes,Yes,Yes,Yes,Yes,Yes,Yes,Yes,Yes,Yes,Yes,Yes,Yes,Yes,Yes,Yes,Yes,Yes,Yes,Yes,Yes,Yes,Yes
DOBA-LUK-141-2021-MSMT-1,14,14,14,14,14,14,14,14,14,0,46,46,46,16,16,16,16,16,16,16,16,16,16,16,31
DOCH-MPD-032-2021-MSMT-1,26,26,26,26,26,26,26,26,26,11,37,37,37,0,0,0,0,0,0,0,0,0,0,0,29
DOCH-MPD-041-2021-MSMT-1,52,52,52,52,52,52,52,52,52,45,73,73,73,26,26,26,26,26,26,26,26,26,26,26,101
DOCH-MPD-045-2021-MSMT-1,14,14,14,14,14,14,14,14,14,0,0,0,0,0,0,0,0,0,0,0,0,0,0,0,53
DOCH-MPD-069-2021-MSMT-1,12,12,12,12,12,12,12,12,12,39,44,44,44,27,27,27,27,27,27,27,27,27,27,27,23
DOCW-CHZ-008-2021-MSMT-1,67,67,67,67,67,67,67,67,67,23,153,153,153,61,61,61,61,61,61,61,61,61,61,61,158
DOCW-CHZ-025-2021-MSMT-1,109,109,109,109,109,109,109,109,109,33,110,110,110,46,46,46,46,46,46,46,46,46,46,46,137
DOCW-CHZ-027-2021-MSMT-1,49,49,49,49,49,49,49,49,49,13,137,137,137,58,58,58,58,58,58,58,58,58,58,58,171
DOCW-CHZ-037-2021-MSMT-1,37,37,37,37,37,37,37,37,37,19,85,85,85,25,25,25,25,25,25,25,25,25,25,25,67
DOCW-CHZ-053-2021-MSMT-1,42,42,42,42,42,42,42,42,42,19,77,77,77,25,25,25,25,25,25,25,25,25,25,25,75
DOCW-CHZ-055-2021-MSMT-1,33,33,33,33,33,33,33,33,33,19,34,34,34,13,13,13,13,13,13,13,13,13,13,13,36
DOCW-LOJ-011-2021-MSMT-1,0,0,0,0,0,0,0,0,0,0,0,0,0,15,15,15,15,15,15,15,15,15,15,15,17
DOCW-NHH-011-2021-MSMT-1,0,0,0,0,0,0,0,0,0,14,35,35,35,11,11,11,11,11,11,11,11,11,11,11,36
DOMP-CHP-022-2021-MSMT-1,151,151,151,151,151,151,151,151,151,60,314,314,314,94,94,94,94,94,94,94,94,94,94,94,319
DOMP-CHP-025-2021-MSMT-1,28,28,28,28,28,28,28,28,28,16,47,47,47,21,21,21,21,21,21,21,21,21,21,21,72
DOMP-CHP-041-2021-MSMT-1,17,17,17,17,17,17,17,17,17,0,0,33,33,14,14,14,14,14,14,14,14,14,14,14,24
DOMP-CHP-054-2021-MSMT-1,50,50,50,50,50,50,50,50,50,25,112,112,112,29,29,29,29,29,29,29,29,29,29,29,95
DOMP-CHP-063-2021-MSMT-1,0,0,0,0,0,0,0,0,0,0,11,11,11,0,0,0,0,0,0,0,0,0,0,0,18
KGBR-BTU-076-2021-MSMT-1,26,26,26,26,26,26,26,26,26,21,27,27,27,12,12,12,12,12,12,12,12,12,12,12,25
KGKA-BKG-027-2021-MSMT-1,301,301,301,301,301,301,301,301,301,103,0,511,511,310,310,310,310,310,310,310,0,310,310,310,402
KGKA-BKG-110-2021-MSMT-1,0,0,0,0,0,0,0,0,0,0,19,19,19,14,14,14,14,14,14,14,14,14,14,14,23
KGKA-BKG-199-2021-MSMT-1,928,928,928,928,928,928,928,928,928,0,0,1620,1620,1018,1018,1018,1018,1018,1018,1018,1018,1018,1018,1018,223
KGKA-BKG-242-2021-MSMT-1,3421,3421,3421,3421,3421,3421,3421,3421,3421,0,6894,6894,6894,3891,3891,3891,3891,3891,3891,3891,0,3891,3891,3891,1450
KGKA-BKG-266-2021-MSMT-1,0,0,0,0,0,0,0,0,0,0,19,19,19,26,26,26,26,26,26,26,26,26,26,26,25
KGKA-BKG-268-2021-MSMT-1,0,0,0,0,0,0,0,0,0,0,0,16,16,0,0,0,0,0,0,0,0,0,0,0,25
KGKY-RBKG-153-2021-MSMT-1,14,14,14,14,14,14,14,14,14,16,46,46,46,29,29,29,29,29,29,29,29,29,29,29,0
KGKY-RUG-019-2021-MSMT-1,481,481,481,481,481,481,481,481,481,0,485,530,530,478,478,478,478,478,478,478,31,478,478,478,534
KGKY-RUG-032-2021-MSMT-1,334,334,334,334,334,334,334,334,334,106,0,485,485,328,328,328,328,328,328,328,0,328,328,328,486
KGKY-RUG-067-2021-MSMT-1,151,151,151,151,151,151,151,151,151,70,223,223,223,172,172,172,172,172,172,172,152,172,172,172,35
KGKY-RWB-035-2021-MSMT-1,0,0,0,0,0,0,0,0,0,0,11,11,11,12,12,12,12,12,12,12,12,12,12,12,0
KGMU-NSB-025-2021-MSMT-1,339,339,339,339,339,339,339,339,339,222,364,364,364,162,162,162,162,162,162,162,162,162,162,162,242
KGMU-NSB-030-2021-MSMT-1,0,0,0,0,0,0,0,0,0,28,0,0,0,0,0,0,0,0,0,0,0,0,0,0,11
KGMU-NSB-148-2021-MSMT-1,80,80,80,80,80,80,80,80,80,0,86,86,86,21,21,21,21,21,21,21,21,21,21,21,80
KGMU-NSB-321-2021-MSMT-1,69,69,69,69,69,69,69,69,69,65,113,113,113,85,85,85,85,85,85,85,85,85,85,85,43
KGNG-CVU-022-2021-MSMT-1,87,87,87,87,87,87,87,87,87,82,82,82,82,57,57,57,57,57,57,57,57,57,57,57,92
KGNG-CVU-140-2021-MSMT-1,62,62,0,0,0,62,62,62,62,15,138,138,138,62,62,62,62,62,62,62,62,62,62,62,165
KGNG-CVU-171-2021-MSMT-1,16,16,0,0,0,16,16,16,16,0,26,26,26,0,0,0,0,0,0,0,0,0,0,0,26
KLHA-LYM-106-2021-MSMT-1,115,115,115,115,115,115,115,115,115,75,169,169,169,38,38,38,38,38,38,38,38,38,38,38,175
KLMC-MAJ-227-2021-MSMT-1,39,39,39,39,39,39,39,39,39,12,0,59,59,29,29,29,29,29,29,29,29,29,29,29,93
KLMC-MAJ-287-2021-MSMT-1,40,40,40,40,40,40,40,40,40,19,80,80,80,34,34,34,34,34,34,34,34,34,34,34,91
KLMW-KIS-105-2021-MSMT-1,25,25,25,25,25,25,25,25,25,46,0,78,78,12,12,12,12,12,12,12,12,12,12,12,31
KLMW-KIS-108-2021-MSMT-1,99,99,99,99,99,99,99,99,99,33,149,149,149,46,46,46,46,46,46,46,46,46,46,46,129
KLMW-KIS-181-2021-MSMT-1,72,72,72,72,72,72,72,72,72,51,107,107,107,29,29,29,29,29,29,29,29,29,29,29,90
KLMW-KIS-197-2021-MSMT-1,30,30,30,30,30,30,30,30,30,0,31,31,31,0,0,0,0,0,0,0,0,0,0,0,15
KLSA-HDR-083-2021-MSMT-1,15,15,15,15,15,15,15,15,15,15,42,42,42,0,0,0,0,0,0,0,0,0,0,0,35
KLSA-MAK-273-2021-MSMT-1,0,0,0,0,0,0,0,0,0,0,0,12,12,0,0,0,0,0,0,0,0,0,0,0,17
KLSA-MAK-292-2021-MSMT-1,80,80,80,80,80,80,80,80,80,38,122,122,122,51,51,51,51,51,51,51,51,51,51,51,157
KLSA-MAK-305-2021-MSMT-1,128,128,128,128,128,128,128,128,128,78,0,285,285,128,128,128,128,128,128,128,128,128,128,128,272
KLSA-MAK-319-2021-MSMT-1,41,41,41,41,41,41,41,41,41,25,45,94,94,43,43,43,43,43,43,43,43,43,43,43,104
KLSA-MOR-157-2021-MSMT-1,55,55,55,55,55,55,55,55,55,21,0,51,51,38,38,38,38,38,38,38,38,38,38,38,114
KLSA-NDG-018-2021-MSMT-1,30,30,30,30,30,30,30,30,30,13,42,42,42,11,11,11,11,11,11,11,11,11,11,11,48
KLSA-NDG-042-2021-MSMT-1,26,26,26,26,26,26,26,26,26,16,36,53,53,12,12,12,12,12,12,12,12,12,12,12,51
KLSA-NDG-198-2021-MSMT-1,29,29,29,29,29,29,29,29,29,12,0,32,32,14,14,14,14,14,14,14,14,14,14,14,32
KLSA-NDG-276-2021-MSMT-1,20,20,20,20,20,20,20,20,20,0,27,27,27,0,0,0,0,0,0,0,0,0,0,0,18
KLSA-NDG-320-2021-MSMT-1,40,40,40,40,40,40,40,40,40,26,0,34,34,26,26,26,26,26,26,26,26,26,26,26,39
KMW-MWG-124-2021-MSMT-1,67,67,67,67,67,67,67,67,67,27,0,79,79,18,18,18,18,18,18,18,18,18,18,18,98
MTMA-KAN-051-2021-MSMT-1,0,0,0,0,0,0,0,0,0,0,15,15,15,0,0,0,0,0,0,0,0,0,0,0,29
MTMA-KAN-060-2021-MSMT-1,12,12,12,12,12,12,12,12,12,0,46,46,46,48,48,48,48,48,48,48,48,48,48,48,65
MTMA-KAN-062-2021-MSMT-1,0,0,0,0,0,0,0,0,0,0,35,35,35,33,33,33,33,33,33,33,33,33,33,33,46
MTMA-KAN-068-2021-MSMT-1,11,11,11,11,11,11,11,11,11,0,58,58,58,30,30,30,30,30,30,30,30,30,30,30,101
MTMA-KAN-071-2021-MSMT-1,0,0,0,0,0,0,0,0,0,0,18,18,18,0,0,0,0,0,0,0,0,0,0,0,25
MTNA-LMS-140-2021-MSMT-1,0,0,0,0,0,0,0,0,0,0,14,14,14,0,0,0,0,0,0,0,0,0,0,0,13
MTNA-LMS-160-2021-MSMT-1,0,0,0,0,0,0,0,0,0,0,21,21,21,0,0,0,0,0,0,0,0,0,0,0,19
MTNA-LMS-209-2021-MSMT-1,0,0,0,0,0,0,0,0,0,0,17,17,17,0,0,0,0,0,0,0,0,0,0,0,20
MTNA-SGY-035-2021-MSMT-1,0,0,0,0,0,0,0,0,0,0,13,13,13,0,0,0,0,0,0,0,0,0,0,0,18
MTNE-MPL-001-2021-MSMT-1,0,0,0,0,0,0,0,0,0,0,15,15,15,0,0,0,0,0,0,0,0,0,0,0,19
MTNE-MPL-013-2021-MSMT-1,0,0,0,0,0,0,0,0,0,0,34,34,34,40,40,40,40,40,40,40,40,40,40,40,64
MTNY-MBB-029-2021-MSMT-1,12,12,12,12,12,12,12,12,12,0,47,47,47,30,30,30,30,30,30,30,30,30,30,30,89
MTNY-MBB-048-2021-MSMT-1,0,0,0,0,0,0,0,0,0,0,37,37,37,25,25,25,25,25,25,25,25,25,25,25,40
MTNY-MKN-058-2021-MSMT-1,0,0,0,0,0,0,0,0,0,0,0,0,0,0,0,0,0,0,0,0,0,0,0,0,11
MTNY-MKN-063-2021-MSMT-1,0,0,0,0,0,0,0,0,0,0,11,11,11,0,0,0,0,0,0,0,0,0,0,0,17
MTNY-MKN-100-2021-MSMT-1,0,0,0,0,0,0,0,0,0,0,0,0,0,0,0,0,0,0,0,0,0,0,0,0,18
MTNY-MKN-103-2021-MSMT-1,0,0,0,0,0,0,0,0,0,0,17,17,17,0,0,0,0,0,0,0,0,0,0,0,21
SOIL-KPT-017-2021-MSMT-1,58,58,58,58,58,58,58,58,58,25,62,62,62,21,21,21,21,21,21,21,21,21,21,21,183
SOMO-ISA-024-2021-MSMT-1,0,0,0,0,0,0,0,0,0,0,0,0,0,12,12,12,12,12,12,12,12,12,12,12,0
SOMO-NYJ-014-2021-MSMT-1,42,42,42,42,42,42,42,42,42,23,78,78,78,16,16,16,16,16,16,16,16,16,16,16,77
SOMO-NYJ-017-2021-MSMT-1,31,31,31,31,31,31,31,31,31,18,48,48,48,17,17,17,17,17,17,17,17,17,17,17,30
SOMO-NYJ-036-2021-MSMT-1,19,19,19,19,19,19,19,19,19,23,39,39,39,15,15,15,15,15,15,15,15,15,15,15,65
SOMO-NYJ-089-2021-MSMT-1,23,23,23,23,23,23,23,23,23,0,35,35,35,0,0,0,0,0,0,0,0,0,0,0,28
SOMO-NYJ-113-2021-MSMT-1,0,0,0,0,0,0,0,0,0,0,14,14,14,21,21,21,21,21,21,21,21,21,21,21,39
SOMO-NYJ-131-2021-MSMT-1,11,11,11,11,11,11,11,11,11,0,14,14,14,0,0,0,0,0,0,0,0,0,0,0,23
SOMO-NZK-071-2021-MSMT-1,20,20,20,20,20,20,20,20,20,0,26,26,26,0,0,0,0,0,0,0,0,0,0,0,22
SOMO-NZK-090-2021-MSMT-1,36,36,36,36,36,36,36,36,36,0,107,107,107,49,49,49,49,49,49,49,49,49,49,49,127
SOMO-NZK-108-2021-MSMT-1,116,116,116,116,116,116,116,116,116,30,177,177,177,77,77,77,77,77,77,77,77,77,77,77,209
SOMZ-IPN-067-2021-MSMT-1,32,32,32,32,32,32,32,32,32,0,58,58,58,21,21,21,21,21,21,21,21,21,21,21,63
SOSO-KAP-026-2021-MSMT-1,70,70,70,70,70,70,70,70,70,22,93,93,93,37,37,37,37,37,37,37,37,37,37,37,66
SOSO-MBG-035-2021-MSMT-1,0,0,0,0,0,0,0,0,0,0,33,33,33,25,25,25,25,25,25,25,25,25,25,25,54
